{"cameraMode":{"drawMode":0,"name":"Shaded","section":"Shading Mode"},"sceneLighting":true,"audioPlay":false,"sceneViewState":{"showFog":true,"showMaterialUpdate":false,"showSkybox":true,"showFlares":true,"showImageEffects":true,"showParticleSystems":true},"in2DMode":false,"pivot":{"x":-2820.429931640625,"y":548.802490234375,"z":3015.5615234375},"rotation":{"x":-0.06123023480176926,"y":-0.9274538159370422,"z":0.17482110857963563,"w":-0.32483673095703127},"size":32.207706451416019,"orthographic":false}