{"cameraMode":{"drawMode":0,"name":"Shaded","section":"Shading Mode"},"sceneLighting":false,"audioPlay":false,"sceneViewState":{"showFog":true,"showMaterialUpdate":false,"showSkybox":false,"showFlares":true,"showImageEffects":true,"showParticleSystems":true},"in2DMode":false,"pivot":{"x":0.40000003576278689,"y":-0.37938958406448367,"z":0.660706639289856},"rotation":{"x":0.06002693623304367,"y":-0.7697158455848694,"z":0.0732058510184288,"w":0.6313740015029907},"size":1.5972859859466553,"orthographic":false}