{"cameraMode":{"drawMode":0,"name":"Shaded","section":"Shading Mode"},"sceneLighting":false,"audioPlay":false,"sceneViewState":{"showFog":true,"showMaterialUpdate":false,"showSkybox":true,"showFlares":true,"showImageEffects":true,"showParticleSystems":true},"in2DMode":false,"pivot":{"x":-12.895072937011719,"y":-3.612154960632324,"z":0.5933494567871094},"rotation":{"x":-0.13721150159835816,"y":-0.8055424690246582,"z":0.20507366955280305,"w":-0.5387860536575317},"size":37.75675582885742,"orthographic":false}