{"cameraMode":{"drawMode":0,"name":"Shaded","section":"Shading Mode"},"sceneLighting":false,"audioPlay":false,"sceneViewState":{"showFog":true,"showMaterialUpdate":false,"showSkybox":true,"showFlares":true,"showImageEffects":true,"showParticleSystems":true},"in2DMode":false,"pivot":{"x":-105.78529357910156,"y":382.0377502441406,"z":2620.356201171875},"rotation":{"x":0.1866539716720581,"y":0.024428505450487138,"z":-0.004627498798072338,"w":0.9821319580078125},"size":8.884428024291993,"orthographic":false}