{"cameraMode":{"drawMode":0,"name":"Shaded","section":"Shading Mode"},"sceneLighting":false,"audioPlay":false,"sceneViewState":{"showFog":true,"showMaterialUpdate":false,"showSkybox":true,"showFlares":true,"showImageEffects":true,"showParticleSystems":true},"in2DMode":false,"pivot":{"x":4.1069793701171879,"y":-6.782412052154541,"z":53.44861602783203},"rotation":{"x":0.09376037120819092,"y":-0.49468961358070376,"z":0.053802672773599628,"w":0.8623571991920471},"size":76.7537612915039,"orthographic":false}