{"cameraMode":{"drawMode":0,"name":"Shaded","section":"Shading Mode"},"sceneLighting":false,"audioPlay":false,"sceneViewState":{"showFog":true,"showMaterialUpdate":false,"showSkybox":false,"showFlares":true,"showImageEffects":true,"showParticleSystems":true},"in2DMode":false,"pivot":{"x":2.807478427886963,"y":0.6262845396995544,"z":-1.641607403755188},"rotation":{"x":0.02899162843823433,"y":0.8611950278282166,"z":-0.04940081387758255,"w":0.5050870776176453},"size":8.79209041595459,"orthographic":false}