{"cameraMode":{"drawMode":0,"name":"Shaded","section":"Shading Mode"},"sceneLighting":false,"audioPlay":false,"sceneViewState":{"showFog":true,"showMaterialUpdate":false,"showSkybox":false,"showFlares":true,"showImageEffects":true,"showParticleSystems":true},"in2DMode":false,"pivot":{"x":2.042747735977173,"y":0.41816985607147219,"z":-1.5043421983718873},"rotation":{"x":0.05816144496202469,"y":0.854561448097229,"z":-0.09812147915363312,"w":0.5067461133003235},"size":5.8416595458984379,"orthographic":false}