{"cameraMode":{"drawMode":0,"name":"Shaded","section":"Shading Mode"},"sceneLighting":false,"audioPlay":false,"sceneViewState":{"showFog":true,"showMaterialUpdate":false,"showSkybox":false,"showFlares":true,"showImageEffects":true,"showParticleSystems":true},"in2DMode":false,"pivot":{"x":1.1931653022766114,"y":-2.2081849575042726,"z":10.254664421081543},"rotation":{"x":0.0958050936460495,"y":0.08554580062627793,"z":-0.008289949968457222,"w":0.9917211532592773},"size":23.425701141357423,"orthographic":false}