{"cameraMode":{"drawMode":0,"name":"Shaded","section":"Shading Mode"},"sceneLighting":false,"audioPlay":false,"sceneViewState":{"showFog":true,"showMaterialUpdate":false,"showSkybox":true,"showFlares":true,"showImageEffects":true,"showParticleSystems":true},"in2DMode":false,"pivot":{"x":-0.05543944239616394,"y":-0.06438985466957092,"z":0.1546148657798767},"rotation":{"x":0.06002693623304367,"y":-0.7697158455848694,"z":0.0732058510184288,"w":0.6313740015029907},"size":3.101619005203247,"orthographic":false}